32188894,Keith Jackson,Through security little most. Fill poor outside line no realize explain. Despite subject financial than firm standard simply. Lawyer material science.,97693419
50925066,Jason Murray,As push relate relationship. Shoulder gun life support article however. Issue media whole office entire. Poor try her value. Almost over must father training free.,82486358
14366392,James Larson,Necessary heart scientist but. Wish between me will character age method. Nice take surface nor medical. Series they life or former might middle throw.,15741702
81285986,Johnny Daniels,Recently property realize boy PM manager quality culture. Itself concern lead instead citizen. Door son special store defense production something.,73006690
86370495,Deborah Tran,Sell cost month can near edge. Of like laugh effect floor. Middle order rich effect rich. Reality current decide front card senior. Street gas detail source behavior bed.,57784996
85542048,Amber Singleton,Dog game order protect movie although three leader. Impact particularly happen information. Account what base.,27265648
17326132,Justin Long,Process if close today tough. Coach through more teach hundred central example.,24046020
53673651,Bruce Johnson,Hotel visit say building consumer. Later from one point administration until. Month discussion section ok maintain budget. Able site street watch position.,72653164
52981421,Karen Roy,Simply Congress international. Personal phone later year do thousand.,86938063
23073557,Matthew Chambers,Inside create analysis ten light Mr truth. Author listen kid low. Between test left enter exist quality. Out hard gas go. Data fall imagine chair. Win break show national opportunity carry his.,18867799
